ID,PRODUCT
CS-102,양주
CS-102,양주
CS-103,소다
CS-103,크래커
CS-103,맥주
CS-104,크래커
CS-104,맥주
CS-106,양주
CS-106,크래커
CS-107,맥주
CS-107,콜라
CS-108,맥주
CS-109,소다
CS-109,양주
CS-109,크래커
CS-109,맥주
CS-110,맥주
CS-111,맥주
CS-111,콜라
CS-113,맥주
CS-113,콜라
CS-114,양주
CS-114,콜라
CS-114,맥주
CS-115,소다
CS-115,양주
CS-115,크래커
CS-115,맥주
CS-116,양주
CS-117,맥주
CS-117,콜라
CS-118,양주
CS-118,콜라
CS-120,맥주
CS-120,크래커
CS-122,소다
CS-122,크래커
CS-122,맥주
CS-122,양주
CS-123,소다
CS-123,양주
CS-123,크래커
CS-123,맥주
CS-124,맥주
CS-124,소다
CS-125,양주
CS-125,크래커
CS-125,소다
CS-126,크래커
CS-127,양주
CS-127,콜라
CS-128,소다
CS-128,양주
CS-128,크래커
CS-128,맥주
CS-128,콜라
CS-129,양주
CS-129,콜라
CS-130,크래커
CS-130,맥주
CS-131,소다
CS-131,크래커
CS-131,맥주
CS-133,소다
CS-133,양주
CS-133,크래커
CS-133,맥주
CS-134,맥주
CS-135,맥주
CS-135,콜라
CS-136,양주
CS-136,콜라
CS-136,크래커
CS-138,맥주
CS-138,콜라
CS-139,크래커
CS-139,맥주
CS-140,맥주
CS-141,소다
CS-141,양주
CS-141,크래커
CS-141,맥주
CS-142,맥주
CS-142,콜라
CS-142,소다
CS-143,크래커
CS-143,맥주
CS-143,콜라
CS-144,맥주
CS-144,양주
CS-145,콜라
CS-145,맥주
CS-146,크래커
CS-146,맥주
CS-147,소다
CS-147,양주
CS-147,크래커
CS-147,맥주
CS-148,양주
CS-148,콜라
CS-148,소다
CS-149,크래커
CS-149,맥주
CS-150,소다
CS-150,크래커
